Exposure	Outcome	bxy	se	p	nsnp	global_heidi_outlier	OR	L95	U95	OR_95CI
BMI	HF	0.556	0.0373	2.67E-50	78	0.0198549	1.74	1.62	1.88	1.74 (1.62-1.88)
eGFRcrea	HF	0.26	0.148	0.0779958	54	0.0162237	1.3	0.971	1.73	1.3 (0.971-1.73)
HeartRate	HF	-0.00219	0.0025	0.380499	97	0.0247844	0.998	0.993	1	0.998 (0.993-1)
DBP	HF	0.0263	0.00281	9.13E-21	111	0.0125846	1.03	1.02	1.03	1.03 (1.02-1.03)
SBP	HF	0.0166	0.00168	4.82E-23	100	0.0218345	1.02	1.01	1.02	1.02 (1.01-1.02)
LDL	HF	0.158	0.0185	1.11E-17	126	0.0139471	1.17	1.13	1.21	1.17 (1.13-1.21)
HDL	HF	-0.0682	0.0158	1.58E-05	144	0.0128981	0.934	0.906	0.963	0.934 (0.906-0.963)
Trig	HF	0.17	0.0209	3.80E-16	105	0.0236673	1.19	1.14	1.23	1.19 (1.14-1.23)
CAD	HF	0.309	0.0174	1.67E-70	43	0.0271685	1.36	1.32	1.41	1.36 (1.32-1.41)
AF	HF	0.171	0.00928	1.40E-75	147	0.0169407	1.19	1.16	1.21	1.19 (1.16-1.21)
T2D	HF	0.0497	0.0124	6.35E-05	47	0.0195956	1.05	1.03	1.08	1.05 (1.03-1.08)
BMI	HFcondCAD	0.405	0.0383	3.90E-26	81	0.0212064	1.5	1.39	1.62	1.5 (1.39-1.62)
eGFRcrea	HFcondCAD	0.152	0.155	0.327819	54	0.217848	1.16	0.859	1.58	1.16 (0.859-1.58)
HeartRate	HFcondCAD	-0.0033	0.00264	0.211083	97	0.0421869	0.997	0.992	1	0.997 (0.992-1)
DBP	HFcondCAD	0.0104	0.00281	0.000232218	117	0.0122136	1.01	1	1.02	1.01 (1-1.02)
SBP	HFcondCAD	0.00718	0.0017	2.38E-05	102	0.0267908	1.01	1	1.01	1.01 (1-1.01)
LDL	HFcondCAD	0.00421	0.0164	0.79699	135	0.0131354	1	0.973	1.04	1 (0.973-1.04)
HDL	HFcondCAD	-0.0172	0.0159	0.277478	157	0.0162506	0.983	0.953	1.01	0.983 (0.953-1.01)
Trig	HFcondCAD	0.0588	0.0209	0.00496583	108	0.0416673	1.06	1.02	1.1	1.06 (1.02-1.1)
CAD	HFcondCAD	-0.0166	0.0169	0.326527	44	0.0115794	0.984	0.951	1.02	0.984 (0.951-1.02)
AF	HFcondCAD	0.171	0.00976	4.33E-69	148	0.0113821	1.19	1.16	1.21	1.19 (1.16-1.21)
T2D	HFcondCAD	0.017	0.0131	0.192243	47	0.113296	1.02	0.991	1.04	1.02 (0.991-1.04)
BMI	HFcondAF	0.513	0.0366	1.18E-44	79	0.0129984	1.67	1.55	1.79	1.67 (1.55-1.79)
eGFRcrea	HFcondAF	0.222	0.146	0.129104	54	0.0593985	1.25	0.937	1.66	1.25 (0.937-1.66)
HeartRate	HFcondAF	-0.00492	0.00253	0.0521315	95	0.0265271	0.995	0.99	1	0.995 (0.99-1)
DBP	HFcondAF	0.0198	0.00271	3.24E-13	113	0.0214962	1.02	1.01	1.03	1.02 (1.01-1.03)
SBP	HFcondAF	0.0138	0.00162	2.35E-17	102	0.022152	1.01	1.01	1.02	1.01 (1.01-1.02)
LDL	HFcondAF	0.152	0.0182	7.43E-17	127	0.012173	1.16	1.12	1.21	1.16 (1.12-1.21)
HDL	HFcondAF	-0.0413	0.0157	0.00858108	145	0.0167887	0.96	0.93	0.99	0.96 (0.93-0.99)
Trig	HFcondAF	0.162	0.0206	3.07E-15	107	0.0208738	1.18	1.13	1.22	1.18 (1.13-1.22)
CAD	HFcondAF	0.29	0.0169	1.38E-65	45	0.0141507	1.34	1.29	1.38	1.34 (1.29-1.38)
AF	HFcondAF	-0.00183	0.00911	0.840602	146	0.0100148	0.998	0.981	1.02	0.998 (0.981-1.02)
T2D	HFcondAF	0.0564	0.0123	4.55E-06	47	0.0373116	1.06	1.03	1.08	1.06 (1.03-1.08)